,question,contexts,answer,ground_truths,context_precision,faithfulness,answer_relevancy,context_recall,context_relevancy,answer_correctness,answer_similarity
0,Has the patient got a history of diabetes?,"[""Patient recorded as having No Known Allergies to Drugs|Intubation in ER, left radial arterial line|51 y/  with closed head injury s/p MVC. On arrival to trauma bay pt with GCS of  with waxing and  of mental status. Pt electively intubated. No other obvious injuries noted on primary survey. Pt taken for emergent head, C-spine, chest/abd/pelvis CT.|Struck by car in  and |fusion of distal TL spine, right femur rodding and right total knee replacement, partial right claviculectomy|Occasional tobacco use (cigarettes) Denies EtOH use| CA Mother--|Neuro: alert, mild distress, following commands, GCS  HEENT: PERRL, pupils 4->3 bilat, normocephalic CV: RRR, S1, S2 Lungs: CTA bilat, equal BS Abd: soft, NT, ND, obese, no obvious injuries, no rebound/gaurding Extremities: moving all 4 extremities, small hematoma/echymossis of right antero-medial arm, moderate hematoma/echymossis of right posterior mid thigh| 02:45PM   FIBRINOGE-350  02:45PM   PLT COUNT-423  02:45PM   PT-13.1 PTT-23.2 INR(PT)-1.1  02:45PM   WBC-9.5 RBC-3.51* HGB-11.1* HCT-34.0* MCV-97 MCH-31.5 MCHC-32.6 RDW-14.1  02:45PM   ASA-NEG ETHANOL-NEG ACETMNPHN-NEG bnzodzpn-POS barbitrt-NEG tricyclic-NEG  02:45PM   AMYLASE-36  02:45PM   UREA N-15 CREAT-0.9  02:52PM   GLUCOSE-109* NA+-144 K+-3.8 CL--111  02:52PM   TYPE-ART PO2-76* PCO2-56* PH-7.35 TOTAL CO2-32* BASE XS-3 INTUBATED-NOT INTUBA  02:58PM URINE  RBC-0-2 WBC-0-2 BACTERIA-FEW YEAST-NONE EPI-0-2  02:58PM URINE  BLOOD-NEG NITRITE-NEG PROTEIN-TR GLUCOSE-NEG KETONE-NEG BILIRUBIN-NEG UROBILNGN-NEG PH-6.5 LEUK-NEG  02:58PM URINE  COLOR-Straw APPEAR-Clear SP -1.016  02:58PM URINE  bnzodzpn-POS barbitrt-NEG opiates-POS cocaine-NEG amphetmn-NEG mthdone-NEG  02:58PM URINE  GR HOLD-HOLD  02:58PM URINE  HOURS-RANDOM  02:58PM URINE  HOURS-RANDOM  08:25PM   freeCa-1.09*  08:25PM   GLUCOSE-92 LACTATE-0.5  08:25PM   TYPE-ART PO2-458* PCO2-39 PH-7.42 TOTAL CO2-26 BASE XS-1|Pt found to have diffuse axonal injury and hemorrhagic shearing injuries with post-traumatic intraventricular and cisternal hemorrhagic foci on head CT, CT of C-spine, chest/abd/pelvis all negative. Neurosurgery consulted and pt loaded on Dilantin and started on Dilantin 100 IV TID. Pt admitted to TICU and had left radial a line placed for close BP monitoring and goal of keeping SBP < 140. Pt did well overnight and on HD #2 had repeat head CT which showed no remarkable change from prior CT. Pt then weaned on vent and extubated later that afternoon. Foley, IV lines d/c'ed and pt transferred to floor. C-spine clearance, per Neurosurgery recs, to be done with MRI of C-spine since pt continued to have headache and generalized body pain-->therefore not able to be clinically cleared. MRI of C-spine showed no fractures or ligamentous injuries. C-spine cleared and C-collar d/c'ed. Pt deemed fit for d/c to home by Neurosurg and physical therapy.|Home|Closed head injury/diffuse axonal injury|Stable|Return to emergency room if having severe headaches or headaches not controlled with pain meds, if having excessive sleepiness or changes in mental status, avoid any physical activity that may put you at risk for repeat head injury, no driving while taking Percocet|Outpatient CT scan to be done in 2 weeks Follow up in  clinic in 2 weeks after CT scan is done No need to follow up in trauma clinic but you may call the clinic at  with any questions""]","Yes, the patient has a history of diabetes.",['No.'],0.0,0.0,0.9106182042628611,1.0,0.0,0.5,True
1,What allergies did the patient have?,"[""Patient recorded as having No Known Allergies to Drugs|Intubation in ER, left radial arterial line|51 y/  with closed head injury s/p MVC. On arrival to trauma bay pt with GCS of  with waxing and  of mental status. Pt electively intubated. No other obvious injuries noted on primary survey. Pt taken for emergent head, C-spine, chest/abd/pelvis CT.|Struck by car in  and |fusion of distal TL spine, right femur rodding and right total knee replacement, partial right claviculectomy|Occasional tobacco use (cigarettes) Denies EtOH use| CA Mother--|Neuro: alert, mild distress, following commands, GCS  HEENT: PERRL, pupils 4->3 bilat, normocephalic CV: RRR, S1, S2 Lungs: CTA bilat, equal BS Abd: soft, NT, ND, obese, no obvious injuries, no rebound/gaurding Extremities: moving all 4 extremities, small hematoma/echymossis of right antero-medial arm, moderate hematoma/echymossis of right posterior mid thigh| 02:45PM   FIBRINOGE-350  02:45PM   PLT COUNT-423  02:45PM   PT-13.1 PTT-23.2 INR(PT)-1.1  02:45PM   WBC-9.5 RBC-3.51* HGB-11.1* HCT-34.0* MCV-97 MCH-31.5 MCHC-32.6 RDW-14.1  02:45PM   ASA-NEG ETHANOL-NEG ACETMNPHN-NEG bnzodzpn-POS barbitrt-NEG tricyclic-NEG  02:45PM   AMYLASE-36  02:45PM   UREA N-15 CREAT-0.9  02:52PM   GLUCOSE-109* NA+-144 K+-3.8 CL--111  02:52PM   TYPE-ART PO2-76* PCO2-56* PH-7.35 TOTAL CO2-32* BASE XS-3 INTUBATED-NOT INTUBA  02:58PM URINE  RBC-0-2 WBC-0-2 BACTERIA-FEW YEAST-NONE EPI-0-2  02:58PM URINE  BLOOD-NEG NITRITE-NEG PROTEIN-TR GLUCOSE-NEG KETONE-NEG BILIRUBIN-NEG UROBILNGN-NEG PH-6.5 LEUK-NEG  02:58PM URINE  COLOR-Straw APPEAR-Clear SP -1.016  02:58PM URINE  bnzodzpn-POS barbitrt-NEG opiates-POS cocaine-NEG amphetmn-NEG mthdone-NEG  02:58PM URINE  GR HOLD-HOLD  02:58PM URINE  HOURS-RANDOM  02:58PM URINE  HOURS-RANDOM  08:25PM   freeCa-1.09*  08:25PM   GLUCOSE-92 LACTATE-0.5  08:25PM   TYPE-ART PO2-458* PCO2-39 PH-7.42 TOTAL CO2-26 BASE XS-1|Pt found to have diffuse axonal injury and hemorrhagic shearing injuries with post-traumatic intraventricular and cisternal hemorrhagic foci on head CT, CT of C-spine, chest/abd/pelvis all negative. Neurosurgery consulted and pt loaded on Dilantin and started on Dilantin 100 IV TID. Pt admitted to TICU and had left radial a line placed for close BP monitoring and goal of keeping SBP < 140. Pt did well overnight and on HD #2 had repeat head CT which showed no remarkable change from prior CT. Pt then weaned on vent and extubated later that afternoon. Foley, IV lines d/c'ed and pt transferred to floor. C-spine clearance, per Neurosurgery recs, to be done with MRI of C-spine since pt continued to have headache and generalized body pain-->therefore not able to be clinically cleared. MRI of C-spine showed no fractures or ligamentous injuries. C-spine cleared and C-collar d/c'ed. Pt deemed fit for d/c to home by Neurosurg and physical therapy.|Home|Closed head injury/diffuse axonal injury|Stable|Return to emergency room if having severe headaches or headaches not controlled with pain meds, if having excessive sleepiness or changes in mental status, avoid any physical activity that may put you at risk for repeat head injury, no driving while taking Percocet|Outpatient CT scan to be done in 2 weeks Follow up in  clinic in 2 weeks after CT scan is done No need to follow up in trauma clinic but you may call the clinic at  with any questions""]",Allergic to,['The patient has no known allergies to drugs.'],0.0,0.0,0.8577244315056672,1.0,0.0,0.5,True
2,Does the patient use tobacco or alcohol?,"[""Patient recorded as having No Known Allergies to Drugs|Intubation in ER, left radial arterial line|51 y/  with closed head injury s/p MVC. On arrival to trauma bay pt with GCS of  with waxing and  of mental status. Pt electively intubated. No other obvious injuries noted on primary survey. Pt taken for emergent head, C-spine, chest/abd/pelvis CT.|Struck by car in  and |fusion of distal TL spine, right femur rodding and right total knee replacement, partial right claviculectomy|Occasional tobacco use (cigarettes) Denies EtOH use| CA Mother--|Neuro: alert, mild distress, following commands, GCS  HEENT: PERRL, pupils 4->3 bilat, normocephalic CV: RRR, S1, S2 Lungs: CTA bilat, equal BS Abd: soft, NT, ND, obese, no obvious injuries, no rebound/gaurding Extremities: moving all 4 extremities, small hematoma/echymossis of right antero-medial arm, moderate hematoma/echymossis of right posterior mid thigh| 02:45PM   FIBRINOGE-350  02:45PM   PLT COUNT-423  02:45PM   PT-13.1 PTT-23.2 INR(PT)-1.1  02:45PM   WBC-9.5 RBC-3.51* HGB-11.1* HCT-34.0* MCV-97 MCH-31.5 MCHC-32.6 RDW-14.1  02:45PM   ASA-NEG ETHANOL-NEG ACETMNPHN-NEG bnzodzpn-POS barbitrt-NEG tricyclic-NEG  02:45PM   AMYLASE-36  02:45PM   UREA N-15 CREAT-0.9  02:52PM   GLUCOSE-109* NA+-144 K+-3.8 CL--111  02:52PM   TYPE-ART PO2-76* PCO2-56* PH-7.35 TOTAL CO2-32* BASE XS-3 INTUBATED-NOT INTUBA  02:58PM URINE  RBC-0-2 WBC-0-2 BACTERIA-FEW YEAST-NONE EPI-0-2  02:58PM URINE  BLOOD-NEG NITRITE-NEG PROTEIN-TR GLUCOSE-NEG KETONE-NEG BILIRUBIN-NEG UROBILNGN-NEG PH-6.5 LEUK-NEG  02:58PM URINE  COLOR-Straw APPEAR-Clear SP -1.016  02:58PM URINE  bnzodzpn-POS barbitrt-NEG opiates-POS cocaine-NEG amphetmn-NEG mthdone-NEG  02:58PM URINE  GR HOLD-HOLD  02:58PM URINE  HOURS-RANDOM  02:58PM URINE  HOURS-RANDOM  08:25PM   freeCa-1.09*  08:25PM   GLUCOSE-92 LACTATE-0.5  08:25PM   TYPE-ART PO2-458* PCO2-39 PH-7.42 TOTAL CO2-26 BASE XS-1|Pt found to have diffuse axonal injury and hemorrhagic shearing injuries with post-traumatic intraventricular and cisternal hemorrhagic foci on head CT, CT of C-spine, chest/abd/pelvis all negative. Neurosurgery consulted and pt loaded on Dilantin and started on Dilantin 100 IV TID. Pt admitted to TICU and had left radial a line placed for close BP monitoring and goal of keeping SBP < 140. Pt did well overnight and on HD #2 had repeat head CT which showed no remarkable change from prior CT. Pt then weaned on vent and extubated later that afternoon. Foley, IV lines d/c'ed and pt transferred to floor. C-spine clearance, per Neurosurgery recs, to be done with MRI of C-spine since pt continued to have headache and generalized body pain-->therefore not able to be clinically cleared. MRI of C-spine showed no fractures or ligamentous injuries. C-spine cleared and C-collar d/c'ed. Pt deemed fit for d/c to home by Neurosurg and physical therapy.|Home|Closed head injury/diffuse axonal injury|Stable|Return to emergency room if having severe headaches or headaches not controlled with pain meds, if having excessive sleepiness or changes in mental status, avoid any physical activity that may put you at risk for repeat head injury, no driving while taking Percocet|Outpatient CT scan to be done in 2 weeks Follow up in  clinic in 2 weeks after CT scan is done No need to follow up in trauma clinic but you may call the clinic at  with any questions""]","Answer: The patient occasionally uses tobacco (cigarettes), but denies using alcohol (EtOH).","['Yes, the patient occasionally uses tobacco (cigarettes) but denies alcohol use.']",0.0,1.0,0.883491376033611,1.0,0.0625,1.0,True
3,What medication is the patient taking?,"[""Patient recorded as having No Known Allergies to Drugs|Intubation in ER, left radial arterial line|51 y/  with closed head injury s/p MVC. On arrival to trauma bay pt with GCS of  with waxing and  of mental status. Pt electively intubated. No other obvious injuries noted on primary survey. Pt taken for emergent head, C-spine, chest/abd/pelvis CT.|Struck by car in  and |fusion of distal TL spine, right femur rodding and right total knee replacement, partial right claviculectomy|Occasional tobacco use (cigarettes) Denies EtOH use| CA Mother--|Neuro: alert, mild distress, following commands, GCS  HEENT: PERRL, pupils 4->3 bilat, normocephalic CV: RRR, S1, S2 Lungs: CTA bilat, equal BS Abd: soft, NT, ND, obese, no obvious injuries, no rebound/gaurding Extremities: moving all 4 extremities, small hematoma/echymossis of right antero-medial arm, moderate hematoma/echymossis of right posterior mid thigh| 02:45PM   FIBRINOGE-350  02:45PM   PLT COUNT-423  02:45PM   PT-13.1 PTT-23.2 INR(PT)-1.1  02:45PM   WBC-9.5 RBC-3.51* HGB-11.1* HCT-34.0* MCV-97 MCH-31.5 MCHC-32.6 RDW-14.1  02:45PM   ASA-NEG ETHANOL-NEG ACETMNPHN-NEG bnzodzpn-POS barbitrt-NEG tricyclic-NEG  02:45PM   AMYLASE-36  02:45PM   UREA N-15 CREAT-0.9  02:52PM   GLUCOSE-109* NA+-144 K+-3.8 CL--111  02:52PM   TYPE-ART PO2-76* PCO2-56* PH-7.35 TOTAL CO2-32* BASE XS-3 INTUBATED-NOT INTUBA  02:58PM URINE  RBC-0-2 WBC-0-2 BACTERIA-FEW YEAST-NONE EPI-0-2  02:58PM URINE  BLOOD-NEG NITRITE-NEG PROTEIN-TR GLUCOSE-NEG KETONE-NEG BILIRUBIN-NEG UROBILNGN-NEG PH-6.5 LEUK-NEG  02:58PM URINE  COLOR-Straw APPEAR-Clear SP -1.016  02:58PM URINE  bnzodzpn-POS barbitrt-NEG opiates-POS cocaine-NEG amphetmn-NEG mthdone-NEG  02:58PM URINE  GR HOLD-HOLD  02:58PM URINE  HOURS-RANDOM  02:58PM URINE  HOURS-RANDOM  08:25PM   freeCa-1.09*  08:25PM   GLUCOSE-92 LACTATE-0.5  08:25PM   TYPE-ART PO2-458* PCO2-39 PH-7.42 TOTAL CO2-26 BASE XS-1|Pt found to have diffuse axonal injury and hemorrhagic shearing injuries with post-traumatic intraventricular and cisternal hemorrhagic foci on head CT, CT of C-spine, chest/abd/pelvis all negative. Neurosurgery consulted and pt loaded on Dilantin and started on Dilantin 100 IV TID. Pt admitted to TICU and had left radial a line placed for close BP monitoring and goal of keeping SBP < 140. Pt did well overnight and on HD #2 had repeat head CT which showed no remarkable change from prior CT. Pt then weaned on vent and extubated later that afternoon. Foley, IV lines d/c'ed and pt transferred to floor. C-spine clearance, per Neurosurgery recs, to be done with MRI of C-spine since pt continued to have headache and generalized body pain-->therefore not able to be clinically cleared. MRI of C-spine showed no fractures or ligamentous injuries. C-spine cleared and C-collar d/c'ed. Pt deemed fit for d/c to home by Neurosurg and physical therapy.|Home|Closed head injury/diffuse axonal injury|Stable|Return to emergency room if having severe headaches or headaches not controlled with pain meds, if having excessive sleepiness or changes in mental status, avoid any physical activity that may put you at risk for repeat head injury, no driving while taking Percocet|Outpatient CT scan to be done in 2 weeks Follow up in  clinic in 2 weeks after CT scan is done No need to follow up in trauma clinic but you may call the clinic at  with any questions""]",The answer is Dilantin.,['Dilantin 100 IV TID.'],0.0,1.0,0.9073737946758197,1.0,0.0,1.0,True
4,What measures were taken for the patient?,"[""Patient recorded as having No Known Allergies to Drugs|Intubation in ER, left radial arterial line|51 y/  with closed head injury s/p MVC. On arrival to trauma bay pt with GCS of  with waxing and  of mental status. Pt electively intubated. No other obvious injuries noted on primary survey. Pt taken for emergent head, C-spine, chest/abd/pelvis CT.|Struck by car in  and |fusion of distal TL spine, right femur rodding and right total knee replacement, partial right claviculectomy|Occasional tobacco use (cigarettes) Denies EtOH use| CA Mother--|Neuro: alert, mild distress, following commands, GCS  HEENT: PERRL, pupils 4->3 bilat, normocephalic CV: RRR, S1, S2 Lungs: CTA bilat, equal BS Abd: soft, NT, ND, obese, no obvious injuries, no rebound/gaurding Extremities: moving all 4 extremities, small hematoma/echymossis of right antero-medial arm, moderate hematoma/echymossis of right posterior mid thigh| 02:45PM   FIBRINOGE-350  02:45PM   PLT COUNT-423  02:45PM   PT-13.1 PTT-23.2 INR(PT)-1.1  02:45PM   WBC-9.5 RBC-3.51* HGB-11.1* HCT-34.0* MCV-97 MCH-31.5 MCHC-32.6 RDW-14.1  02:45PM   ASA-NEG ETHANOL-NEG ACETMNPHN-NEG bnzodzpn-POS barbitrt-NEG tricyclic-NEG  02:45PM   AMYLASE-36  02:45PM   UREA N-15 CREAT-0.9  02:52PM   GLUCOSE-109* NA+-144 K+-3.8 CL--111  02:52PM   TYPE-ART PO2-76* PCO2-56* PH-7.35 TOTAL CO2-32* BASE XS-3 INTUBATED-NOT INTUBA  02:58PM URINE  RBC-0-2 WBC-0-2 BACTERIA-FEW YEAST-NONE EPI-0-2  02:58PM URINE  BLOOD-NEG NITRITE-NEG PROTEIN-TR GLUCOSE-NEG KETONE-NEG BILIRUBIN-NEG UROBILNGN-NEG PH-6.5 LEUK-NEG  02:58PM URINE  COLOR-Straw APPEAR-Clear SP -1.016  02:58PM URINE  bnzodzpn-POS barbitrt-NEG opiates-POS cocaine-NEG amphetmn-NEG mthdone-NEG  02:58PM URINE  GR HOLD-HOLD  02:58PM URINE  HOURS-RANDOM  02:58PM URINE  HOURS-RANDOM  08:25PM   freeCa-1.09*  08:25PM   GLUCOSE-92 LACTATE-0.5  08:25PM   TYPE-ART PO2-458* PCO2-39 PH-7.42 TOTAL CO2-26 BASE XS-1|Pt found to have diffuse axonal injury and hemorrhagic shearing injuries with post-traumatic intraventricular and cisternal hemorrhagic foci on head CT, CT of C-spine, chest/abd/pelvis all negative. Neurosurgery consulted and pt loaded on Dilantin and started on Dilantin 100 IV TID. Pt admitted to TICU and had left radial a line placed for close BP monitoring and goal of keeping SBP < 140. Pt did well overnight and on HD #2 had repeat head CT which showed no remarkable change from prior CT. Pt then weaned on vent and extubated later that afternoon. Foley, IV lines d/c'ed and pt transferred to floor. C-spine clearance, per Neurosurgery recs, to be done with MRI of C-spine since pt continued to have headache and generalized body pain-->therefore not able to be clinically cleared. MRI of C-spine showed no fractures or ligamentous injuries. C-spine cleared and C-collar d/c'ed. Pt deemed fit for d/c to home by Neurosurg and physical therapy.|Home|Closed head injury/diffuse axonal injury|Stable|Return to emergency room if having severe headaches or headaches not controlled with pain meds, if having excessive sleepiness or changes in mental status, avoid any physical activity that may put you at risk for repeat head injury, no driving while taking Percocet|Outpatient CT scan to be done in 2 weeks Follow up in  clinic in 2 weeks after CT scan is done No need to follow up in trauma clinic but you may call the clinic at  with any questions""]","The answer is: The patient was given Dilantin and was monitored closely for blood pressure. They also underwent imaging studies including a CT scan and MRI of the cervical spine. Additionally, they received instructions regarding their care at home and follow-up appointments.","['Intubation and placement of a left radial arterial line for close blood pressure monitoring with a goal of keeping systolic blood pressure under 140. head CT, C-spine, chest/abdomen/pelvis CT to assess injuries. The patient was started on Dilantin 100 IV TID. Monitoring in the Trauma Intensive Care Unit (TICU). Repeat head CT and gradual weaning. Discontinuation of the Foley catheter and intravenous lines.Transfer from the ICU to the general hospital floor.  MRI of the C-spine to evaluate for potential injuries, which showed no fractures or ligamentous injuries, leading to clearance of the C-spine and discontinuation of the C-collar.Evaluation by Neurosurgery and Physical Therapy, deeming the patient fit for discharge with instructions for home care and follow-up.']",0.9999999999,1.0,0.8989037565693346,1.0,0.625,1.0,True
5,What imaging studies were performed on the patient?,"[""Patient recorded as having No Known Allergies to Drugs|Intubation in ER, left radial arterial line|51 y/  with closed head injury s/p MVC. On arrival to trauma bay pt with GCS of  with waxing and  of mental status. Pt electively intubated. No other obvious injuries noted on primary survey. Pt taken for emergent head, C-spine, chest/abd/pelvis CT.|Struck by car in  and |fusion of distal TL spine, right femur rodding and right total knee replacement, partial right claviculectomy|Occasional tobacco use (cigarettes) Denies EtOH use| CA Mother--|Neuro: alert, mild distress, following commands, GCS  HEENT: PERRL, pupils 4->3 bilat, normocephalic CV: RRR, S1, S2 Lungs: CTA bilat, equal BS Abd: soft, NT, ND, obese, no obvious injuries, no rebound/gaurding Extremities: moving all 4 extremities, small hematoma/echymossis of right antero-medial arm, moderate hematoma/echymossis of right posterior mid thigh| 02:45PM   FIBRINOGE-350  02:45PM   PLT COUNT-423  02:45PM   PT-13.1 PTT-23.2 INR(PT)-1.1  02:45PM   WBC-9.5 RBC-3.51* HGB-11.1* HCT-34.0* MCV-97 MCH-31.5 MCHC-32.6 RDW-14.1  02:45PM   ASA-NEG ETHANOL-NEG ACETMNPHN-NEG bnzodzpn-POS barbitrt-NEG tricyclic-NEG  02:45PM   AMYLASE-36  02:45PM   UREA N-15 CREAT-0.9  02:52PM   GLUCOSE-109* NA+-144 K+-3.8 CL--111  02:52PM   TYPE-ART PO2-76* PCO2-56* PH-7.35 TOTAL CO2-32* BASE XS-3 INTUBATED-NOT INTUBA  02:58PM URINE  RBC-0-2 WBC-0-2 BACTERIA-FEW YEAST-NONE EPI-0-2  02:58PM URINE  BLOOD-NEG NITRITE-NEG PROTEIN-TR GLUCOSE-NEG KETONE-NEG BILIRUBIN-NEG UROBILNGN-NEG PH-6.5 LEUK-NEG  02:58PM URINE  COLOR-Straw APPEAR-Clear SP -1.016  02:58PM URINE  bnzodzpn-POS barbitrt-NEG opiates-POS cocaine-NEG amphetmn-NEG mthdone-NEG  02:58PM URINE  GR HOLD-HOLD  02:58PM URINE  HOURS-RANDOM  02:58PM URINE  HOURS-RANDOM  08:25PM   freeCa-1.09*  08:25PM   GLUCOSE-92 LACTATE-0.5  08:25PM   TYPE-ART PO2-458* PCO2-39 PH-7.42 TOTAL CO2-26 BASE XS-1|Pt found to have diffuse axonal injury and hemorrhagic shearing injuries with post-traumatic intraventricular and cisternal hemorrhagic foci on head CT, CT of C-spine, chest/abd/pelvis all negative. Neurosurgery consulted and pt loaded on Dilantin and started on Dilantin 100 IV TID. Pt admitted to TICU and had left radial a line placed for close BP monitoring and goal of keeping SBP < 140. Pt did well overnight and on HD #2 had repeat head CT which showed no remarkable change from prior CT. Pt then weaned on vent and extubated later that afternoon. Foley, IV lines d/c'ed and pt transferred to floor. C-spine clearance, per Neurosurgery recs, to be done with MRI of C-spine since pt continued to have headache and generalized body pain-->therefore not able to be clinically cleared. MRI of C-spine showed no fractures or ligamentous injuries. C-spine cleared and C-collar d/c'ed. Pt deemed fit for d/c to home by Neurosurg and physical therapy.|Home|Closed head injury/diffuse axonal injury|Stable|Return to emergency room if having severe headaches or headaches not controlled with pain meds, if having excessive sleepiness or changes in mental status, avoid any physical activity that may put you at risk for repeat head injury, no driving while taking Percocet|Outpatient CT scan to be done in 2 weeks Follow up in  clinic in 2 weeks after CT scan is done No need to follow up in trauma clinic but you may call the clinic at  with any questions""]","The answer is Head CT, CT of C-Spine, Chest/Abd/Pelvis CT, MRI of C-Spine.","['The patient underwent head CT, C-spine, chest/abd/pelvis CT scans, and an MRI of the C-spine']",0.9999999999,1.0,0.8073431904220728,1.0,0.1875,0.875,True
6,What follow-up care was scheduled for the patient?,"[""Patient recorded as having No Known Allergies to Drugs|Intubation in ER, left radial arterial line|51 y/  with closed head injury s/p MVC. On arrival to trauma bay pt with GCS of  with waxing and  of mental status. Pt electively intubated. No other obvious injuries noted on primary survey. Pt taken for emergent head, C-spine, chest/abd/pelvis CT.|Struck by car in  and |fusion of distal TL spine, right femur rodding and right total knee replacement, partial right claviculectomy|Occasional tobacco use (cigarettes) Denies EtOH use| CA Mother--|Neuro: alert, mild distress, following commands, GCS  HEENT: PERRL, pupils 4->3 bilat, normocephalic CV: RRR, S1, S2 Lungs: CTA bilat, equal BS Abd: soft, NT, ND, obese, no obvious injuries, no rebound/gaurding Extremities: moving all 4 extremities, small hematoma/echymossis of right antero-medial arm, moderate hematoma/echymossis of right posterior mid thigh| 02:45PM   FIBRINOGE-350  02:45PM   PLT COUNT-423  02:45PM   PT-13.1 PTT-23.2 INR(PT)-1.1  02:45PM   WBC-9.5 RBC-3.51* HGB-11.1* HCT-34.0* MCV-97 MCH-31.5 MCHC-32.6 RDW-14.1  02:45PM   ASA-NEG ETHANOL-NEG ACETMNPHN-NEG bnzodzpn-POS barbitrt-NEG tricyclic-NEG  02:45PM   AMYLASE-36  02:45PM   UREA N-15 CREAT-0.9  02:52PM   GLUCOSE-109* NA+-144 K+-3.8 CL--111  02:52PM   TYPE-ART PO2-76* PCO2-56* PH-7.35 TOTAL CO2-32* BASE XS-3 INTUBATED-NOT INTUBA  02:58PM URINE  RBC-0-2 WBC-0-2 BACTERIA-FEW YEAST-NONE EPI-0-2  02:58PM URINE  BLOOD-NEG NITRITE-NEG PROTEIN-TR GLUCOSE-NEG KETONE-NEG BILIRUBIN-NEG UROBILNGN-NEG PH-6.5 LEUK-NEG  02:58PM URINE  COLOR-Straw APPEAR-Clear SP -1.016  02:58PM URINE  bnzodzpn-POS barbitrt-NEG opiates-POS cocaine-NEG amphetmn-NEG mthdone-NEG  02:58PM URINE  GR HOLD-HOLD  02:58PM URINE  HOURS-RANDOM  02:58PM URINE  HOURS-RANDOM  08:25PM   freeCa-1.09*  08:25PM   GLUCOSE-92 LACTATE-0.5  08:25PM   TYPE-ART PO2-458* PCO2-39 PH-7.42 TOTAL CO2-26 BASE XS-1|Pt found to have diffuse axonal injury and hemorrhagic shearing injuries with post-traumatic intraventricular and cisternal hemorrhagic foci on head CT, CT of C-spine, chest/abd/pelvis all negative. Neurosurgery consulted and pt loaded on Dilantin and started on Dilantin 100 IV TID. Pt admitted to TICU and had left radial a line placed for close BP monitoring and goal of keeping SBP < 140. Pt did well overnight and on HD #2 had repeat head CT which showed no remarkable change from prior CT. Pt then weaned on vent and extubated later that afternoon. Foley, IV lines d/c'ed and pt transferred to floor. C-spine clearance, per Neurosurgery recs, to be done with MRI of C-spine since pt continued to have headache and generalized body pain-->therefore not able to be clinically cleared. MRI of C-spine showed no fractures or ligamentous injuries. C-spine cleared and C-collar d/c'ed. Pt deemed fit for d/c to home by Neurosurg and physical therapy.|Home|Closed head injury/diffuse axonal injury|Stable|Return to emergency room if having severe headaches or headaches not controlled with pain meds, if having excessive sleepiness or changes in mental status, avoid any physical activity that may put you at risk for repeat head injury, no driving while taking Percocet|Outpatient CT scan to be done in 2 weeks Follow up in  clinic in 2 weeks after CT scan is done No need to follow up in trauma clinic but you may call the clinic at  with any questions""]","The answer is ""No need to follow up in trauma clinic but you may call the clinic at  with any questions"".","['An outpatient CT scan was scheduled to be done in 2 weeks, and a follow-up clinic appointment was scheduled in 2 weeks after the CT scan.No need to follow up in the trauma clinic but the patient may call the clinic with any questions.']",0.9999999999,1.0,0.8283259251225278,1.0,0.0625,1.0,True
7,What did C-spine show?,"[""Patient recorded as having No Known Allergies to Drugs|Intubation in ER, left radial arterial line|51 y/  with closed head injury s/p MVC. On arrival to trauma bay pt with GCS of  with waxing and  of mental status. Pt electively intubated. No other obvious injuries noted on primary survey. Pt taken for emergent head, C-spine, chest/abd/pelvis CT.|Struck by car in  and |fusion of distal TL spine, right femur rodding and right total knee replacement, partial right claviculectomy|Occasional tobacco use (cigarettes) Denies EtOH use| CA Mother--|Neuro: alert, mild distress, following commands, GCS  HEENT: PERRL, pupils 4->3 bilat, normocephalic CV: RRR, S1, S2 Lungs: CTA bilat, equal BS Abd: soft, NT, ND, obese, no obvious injuries, no rebound/gaurding Extremities: moving all 4 extremities, small hematoma/echymossis of right antero-medial arm, moderate hematoma/echymossis of right posterior mid thigh| 02:45PM   FIBRINOGE-350  02:45PM   PLT COUNT-423  02:45PM   PT-13.1 PTT-23.2 INR(PT)-1.1  02:45PM   WBC-9.5 RBC-3.51* HGB-11.1* HCT-34.0* MCV-97 MCH-31.5 MCHC-32.6 RDW-14.1  02:45PM   ASA-NEG ETHANOL-NEG ACETMNPHN-NEG bnzodzpn-POS barbitrt-NEG tricyclic-NEG  02:45PM   AMYLASE-36  02:45PM   UREA N-15 CREAT-0.9  02:52PM   GLUCOSE-109* NA+-144 K+-3.8 CL--111  02:52PM   TYPE-ART PO2-76* PCO2-56* PH-7.35 TOTAL CO2-32* BASE XS-3 INTUBATED-NOT INTUBA  02:58PM URINE  RBC-0-2 WBC-0-2 BACTERIA-FEW YEAST-NONE EPI-0-2  02:58PM URINE  BLOOD-NEG NITRITE-NEG PROTEIN-TR GLUCOSE-NEG KETONE-NEG BILIRUBIN-NEG UROBILNGN-NEG PH-6.5 LEUK-NEG  02:58PM URINE  COLOR-Straw APPEAR-Clear SP -1.016  02:58PM URINE  bnzodzpn-POS barbitrt-NEG opiates-POS cocaine-NEG amphetmn-NEG mthdone-NEG  02:58PM URINE  GR HOLD-HOLD  02:58PM URINE  HOURS-RANDOM  02:58PM URINE  HOURS-RANDOM  08:25PM   freeCa-1.09*  08:25PM   GLUCOSE-92 LACTATE-0.5  08:25PM   TYPE-ART PO2-458* PCO2-39 PH-7.42 TOTAL CO2-26 BASE XS-1|Pt found to have diffuse axonal injury and hemorrhagic shearing injuries with post-traumatic intraventricular and cisternal hemorrhagic foci on head CT, CT of C-spine, chest/abd/pelvis all negative. Neurosurgery consulted and pt loaded on Dilantin and started on Dilantin 100 IV TID. Pt admitted to TICU and had left radial a line placed for close BP monitoring and goal of keeping SBP < 140. Pt did well overnight and on HD #2 had repeat head CT which showed no remarkable change from prior CT. Pt then weaned on vent and extubated later that afternoon. Foley, IV lines d/c'ed and pt transferred to floor. C-spine clearance, per Neurosurgery recs, to be done with MRI of C-spine since pt continued to have headache and generalized body pain-->therefore not able to be clinically cleared. MRI of C-spine showed no fractures or ligamentous injuries. C-spine cleared and C-collar d/c'ed. Pt deemed fit for d/c to home by Neurosurg and physical therapy.|Home|Closed head injury/diffuse axonal injury|Stable|Return to emergency room if having severe headaches or headaches not controlled with pain meds, if having excessive sleepiness or changes in mental status, avoid any physical activity that may put you at risk for repeat head injury, no driving while taking Percocet|Outpatient CT scan to be done in 2 weeks Follow up in  clinic in 2 weeks after CT scan is done No need to follow up in trauma clinic but you may call the clinic at  with any questions""]","The answer is ""No fractures or ligamentous injuries"".",['The MRI of the C-spine showed no fractures or ligamentous injuries.'],0.0,1.0,0.7899100037383935,1.0,0.1875,1.0,True
8,Does the patient use alcohol?,"[""Patient recorded as having No Known Allergies to Drugs|Intubation in ER, left radial arterial line|51 y/  with closed head injury s/p MVC. On arrival to trauma bay pt with GCS of  with waxing and  of mental status. Pt electively intubated. No other obvious injuries noted on primary survey. Pt taken for emergent head, C-spine, chest/abd/pelvis CT.|Struck by car in  and |fusion of distal TL spine, right femur rodding and right total knee replacement, partial right claviculectomy|Occasional tobacco use (cigarettes) Denies EtOH use| CA Mother--|Neuro: alert, mild distress, following commands, GCS  HEENT: PERRL, pupils 4->3 bilat, normocephalic CV: RRR, S1, S2 Lungs: CTA bilat, equal BS Abd: soft, NT, ND, obese, no obvious injuries, no rebound/gaurding Extremities: moving all 4 extremities, small hematoma/echymossis of right antero-medial arm, moderate hematoma/echymossis of right posterior mid thigh| 02:45PM   FIBRINOGE-350  02:45PM   PLT COUNT-423  02:45PM   PT-13.1 PTT-23.2 INR(PT)-1.1  02:45PM   WBC-9.5 RBC-3.51* HGB-11.1* HCT-34.0* MCV-97 MCH-31.5 MCHC-32.6 RDW-14.1  02:45PM   ASA-NEG ETHANOL-NEG ACETMNPHN-NEG bnzodzpn-POS barbitrt-NEG tricyclic-NEG  02:45PM   AMYLASE-36  02:45PM   UREA N-15 CREAT-0.9  02:52PM   GLUCOSE-109* NA+-144 K+-3.8 CL--111  02:52PM   TYPE-ART PO2-76* PCO2-56* PH-7.35 TOTAL CO2-32* BASE XS-3 INTUBATED-NOT INTUBA  02:58PM URINE  RBC-0-2 WBC-0-2 BACTERIA-FEW YEAST-NONE EPI-0-2  02:58PM URINE  BLOOD-NEG NITRITE-NEG PROTEIN-TR GLUCOSE-NEG KETONE-NEG BILIRUBIN-NEG UROBILNGN-NEG PH-6.5 LEUK-NEG  02:58PM URINE  COLOR-Straw APPEAR-Clear SP -1.016  02:58PM URINE  bnzodzpn-POS barbitrt-NEG opiates-POS cocaine-NEG amphetmn-NEG mthdone-NEG  02:58PM URINE  GR HOLD-HOLD  02:58PM URINE  HOURS-RANDOM  02:58PM URINE  HOURS-RANDOM  08:25PM   freeCa-1.09*  08:25PM   GLUCOSE-92 LACTATE-0.5  08:25PM   TYPE-ART PO2-458* PCO2-39 PH-7.42 TOTAL CO2-26 BASE XS-1|Pt found to have diffuse axonal injury and hemorrhagic shearing injuries with post-traumatic intraventricular and cisternal hemorrhagic foci on head CT, CT of C-spine, chest/abd/pelvis all negative. Neurosurgery consulted and pt loaded on Dilantin and started on Dilantin 100 IV TID. Pt admitted to TICU and had left radial a line placed for close BP monitoring and goal of keeping SBP < 140. Pt did well overnight and on HD #2 had repeat head CT which showed no remarkable change from prior CT. Pt then weaned on vent and extubated later that afternoon. Foley, IV lines d/c'ed and pt transferred to floor. C-spine clearance, per Neurosurgery recs, to be done with MRI of C-spine since pt continued to have headache and generalized body pain-->therefore not able to be clinically cleared. MRI of C-spine showed no fractures or ligamentous injuries. C-spine cleared and C-collar d/c'ed. Pt deemed fit for d/c to home by Neurosurg and physical therapy.|Home|Closed head injury/diffuse axonal injury|Stable|Return to emergency room if having severe headaches or headaches not controlled with pain meds, if having excessive sleepiness or changes in mental status, avoid any physical activity that may put you at risk for repeat head injury, no driving while taking Percocet|Outpatient CT scan to be done in 2 weeks Follow up in  clinic in 2 weeks after CT scan is done No need to follow up in trauma clinic but you may call the clinic at  with any questions""]","Yes, occasional tobacco use (cigarettes), denies EtOH use.","['No, the patient denies alcohol use.']",0.0,0.5,0.8481769651224412,1.0,0.0625,0.75,True
9,Does the patient use cigarettes or alcohol?,"[""Patient recorded as having No Known Allergies to Drugs|Intubation in ER, left radial arterial line|51 y/  with closed head injury s/p MVC. On arrival to trauma bay pt with GCS of  with waxing and  of mental status. Pt electively intubated. No other obvious injuries noted on primary survey. Pt taken for emergent head, C-spine, chest/abd/pelvis CT.|Struck by car in  and |fusion of distal TL spine, right femur rodding and right total knee replacement, partial right claviculectomy|Occasional tobacco use (cigarettes) Denies EtOH use| CA Mother--|Neuro: alert, mild distress, following commands, GCS  HEENT: PERRL, pupils 4->3 bilat, normocephalic CV: RRR, S1, S2 Lungs: CTA bilat, equal BS Abd: soft, NT, ND, obese, no obvious injuries, no rebound/gaurding Extremities: moving all 4 extremities, small hematoma/echymossis of right antero-medial arm, moderate hematoma/echymossis of right posterior mid thigh| 02:45PM   FIBRINOGE-350  02:45PM   PLT COUNT-423  02:45PM   PT-13.1 PTT-23.2 INR(PT)-1.1  02:45PM   WBC-9.5 RBC-3.51* HGB-11.1* HCT-34.0* MCV-97 MCH-31.5 MCHC-32.6 RDW-14.1  02:45PM   ASA-NEG ETHANOL-NEG ACETMNPHN-NEG bnzodzpn-POS barbitrt-NEG tricyclic-NEG  02:45PM   AMYLASE-36  02:45PM   UREA N-15 CREAT-0.9  02:52PM   GLUCOSE-109* NA+-144 K+-3.8 CL--111  02:52PM   TYPE-ART PO2-76* PCO2-56* PH-7.35 TOTAL CO2-32* BASE XS-3 INTUBATED-NOT INTUBA  02:58PM URINE  RBC-0-2 WBC-0-2 BACTERIA-FEW YEAST-NONE EPI-0-2  02:58PM URINE  BLOOD-NEG NITRITE-NEG PROTEIN-TR GLUCOSE-NEG KETONE-NEG BILIRUBIN-NEG UROBILNGN-NEG PH-6.5 LEUK-NEG  02:58PM URINE  COLOR-Straw APPEAR-Clear SP -1.016  02:58PM URINE  bnzodzpn-POS barbitrt-NEG opiates-POS cocaine-NEG amphetmn-NEG mthdone-NEG  02:58PM URINE  GR HOLD-HOLD  02:58PM URINE  HOURS-RANDOM  02:58PM URINE  HOURS-RANDOM  08:25PM   freeCa-1.09*  08:25PM   GLUCOSE-92 LACTATE-0.5  08:25PM   TYPE-ART PO2-458* PCO2-39 PH-7.42 TOTAL CO2-26 BASE XS-1|Pt found to have diffuse axonal injury and hemorrhagic shearing injuries with post-traumatic intraventricular and cisternal hemorrhagic foci on head CT, CT of C-spine, chest/abd/pelvis all negative. Neurosurgery consulted and pt loaded on Dilantin and started on Dilantin 100 IV TID. Pt admitted to TICU and had left radial a line placed for close BP monitoring and goal of keeping SBP < 140. Pt did well overnight and on HD #2 had repeat head CT which showed no remarkable change from prior CT. Pt then weaned on vent and extubated later that afternoon. Foley, IV lines d/c'ed and pt transferred to floor. C-spine clearance, per Neurosurgery recs, to be done with MRI of C-spine since pt continued to have headache and generalized body pain-->therefore not able to be clinically cleared. MRI of C-spine showed no fractures or ligamentous injuries. C-spine cleared and C-collar d/c'ed. Pt deemed fit for d/c to home by Neurosurg and physical therapy.|Home|Closed head injury/diffuse axonal injury|Stable|Return to emergency room if having severe headaches or headaches not controlled with pain meds, if having excessive sleepiness or changes in mental status, avoid any physical activity that may put you at risk for repeat head injury, no driving while taking Percocet|Outpatient CT scan to be done in 2 weeks Follow up in  clinic in 2 weeks after CT scan is done No need to follow up in trauma clinic but you may call the clinic at  with any questions""]","Yes, occasional tobacco use (cigarettes). No, denies EtOH use.",['The patient occasionally uses cigarettes and denies alcohol use.'],0.0,1.0,0.862419420957194,1.0,0.0625,1.0,True
10,Did patient use tobacco?,"[""Patient recorded as having No Known Allergies to Drugs|Intubation in ER, left radial arterial line|51 y/  with closed head injury s/p MVC. On arrival to trauma bay pt with GCS of  with waxing and  of mental status. Pt electively intubated. No other obvious injuries noted on primary survey. Pt taken for emergent head, C-spine, chest/abd/pelvis CT.|Struck by car in  and |fusion of distal TL spine, right femur rodding and right total knee replacement, partial right claviculectomy|Occasional tobacco use (cigarettes) Denies EtOH use| CA Mother--|Neuro: alert, mild distress, following commands, GCS  HEENT: PERRL, pupils 4->3 bilat, normocephalic CV: RRR, S1, S2 Lungs: CTA bilat, equal BS Abd: soft, NT, ND, obese, no obvious injuries, no rebound/gaurding Extremities: moving all 4 extremities, small hematoma/echymossis of right antero-medial arm, moderate hematoma/echymossis of right posterior mid thigh| 02:45PM   FIBRINOGE-350  02:45PM   PLT COUNT-423  02:45PM   PT-13.1 PTT-23.2 INR(PT)-1.1  02:45PM   WBC-9.5 RBC-3.51* HGB-11.1* HCT-34.0* MCV-97 MCH-31.5 MCHC-32.6 RDW-14.1  02:45PM   ASA-NEG ETHANOL-NEG ACETMNPHN-NEG bnzodzpn-POS barbitrt-NEG tricyclic-NEG  02:45PM   AMYLASE-36  02:45PM   UREA N-15 CREAT-0.9  02:52PM   GLUCOSE-109* NA+-144 K+-3.8 CL--111  02:52PM   TYPE-ART PO2-76* PCO2-56* PH-7.35 TOTAL CO2-32* BASE XS-3 INTUBATED-NOT INTUBA  02:58PM URINE  RBC-0-2 WBC-0-2 BACTERIA-FEW YEAST-NONE EPI-0-2  02:58PM URINE  BLOOD-NEG NITRITE-NEG PROTEIN-TR GLUCOSE-NEG KETONE-NEG BILIRUBIN-NEG UROBILNGN-NEG PH-6.5 LEUK-NEG  02:58PM URINE  COLOR-Straw APPEAR-Clear SP -1.016  02:58PM URINE  bnzodzpn-POS barbitrt-NEG opiates-POS cocaine-NEG amphetmn-NEG mthdone-NEG  02:58PM URINE  GR HOLD-HOLD  02:58PM URINE  HOURS-RANDOM  02:58PM URINE  HOURS-RANDOM  08:25PM   freeCa-1.09*  08:25PM   GLUCOSE-92 LACTATE-0.5  08:25PM   TYPE-ART PO2-458* PCO2-39 PH-7.42 TOTAL CO2-26 BASE XS-1|Pt found to have diffuse axonal injury and hemorrhagic shearing injuries with post-traumatic intraventricular and cisternal hemorrhagic foci on head CT, CT of C-spine, chest/abd/pelvis all negative. Neurosurgery consulted and pt loaded on Dilantin and started on Dilantin 100 IV TID. Pt admitted to TICU and had left radial a line placed for close BP monitoring and goal of keeping SBP < 140. Pt did well overnight and on HD #2 had repeat head CT which showed no remarkable change from prior CT. Pt then weaned on vent and extubated later that afternoon. Foley, IV lines d/c'ed and pt transferred to floor. C-spine clearance, per Neurosurgery recs, to be done with MRI of C-spine since pt continued to have headache and generalized body pain-->therefore not able to be clinically cleared. MRI of C-spine showed no fractures or ligamentous injuries. C-spine cleared and C-collar d/c'ed. Pt deemed fit for d/c to home by Neurosurg and physical therapy.|Home|Closed head injury/diffuse axonal injury|Stable|Return to emergency room if having severe headaches or headaches not controlled with pain meds, if having excessive sleepiness or changes in mental status, avoid any physical activity that may put you at risk for repeat head injury, no driving while taking Percocet|Outpatient CT scan to be done in 2 weeks Follow up in  clinic in 2 weeks after CT scan is done No need to follow up in trauma clinic but you may call the clinic at  with any questions""]","Yes, occasional tobacco use (cigarettes).","['Yes, the patient occasionally uses tobacco (cigarettes).']",0.0,0.5,0.8796445994943324,1.0,0.0625,1.0,True
